datetime,open,high,low,close,volume
02-19-2021,15.0245,15.1769975,14.8467,14.9265,271724120
02-22-2021,14.77475,15.13325,14.325,14.35575,325885560
02-23-2021,14.07525,14.23875,13.3895,14.142,391779320
02-24-2021,14.12275,14.50675,13.756,14.499,448319080
02-25-2021,14.0454175,14.37475,13.21625,13.3075,824436040
02-26-2021,13.7525,13.8545,13.361,13.7145,500930400
03-01-2021,13.875,13.925,13.5532475,13.84175,353183000
03-02-2021,13.9,13.9205,13.396,13.40625,264114120
03-03-2021,13.42625,13.4515,12.79875,12.80475,377590280
03-04-2021,12.80075,12.975,12.08375,12.37025,573345160
03-05-2021,12.55,12.55,11.67925,12.4615,542838840
03-08-2021,12.45,12.47125,11.5665,11.59325,543111680
03-09-2021,12.13025,12.61675,12.05925,12.52025,521825520
03-10-2021,12.8405,12.98,12.4575,12.46825,384376560
03-11-2021,12.95,13.04625,12.7345,12.9935,299914280
03-12-2021,12.64825,12.88875,12.59,12.856,243963960
03-15-2021,12.86475,13.20675,12.767125,13.19125,222520440
03-16-2021,13.3565,13.5125,13.11675,13.29125,272129600
03-17-2021,13.03975,13.45325,12.9895,13.34125,243864200
03-18-2021,13.1365,13.184,12.7170425,12.7225,294188080
03-19-2021,12.75,12.9215,12.6125,12.84575,299206960
03-22-2021,12.91275,13.3945,12.90675,13.18625,297803080
03-23-2021,13.25425,13.3445,13.02125,13.07075,222046080
03-24-2021,13.15125,13.159125,12.63675,12.643,245838520
03-25-2021,12.4995,12.71475,12.272,12.53525,295144560
03-26-2021,12.5545,12.85625,12.3735,12.83925,363968960
03-29-2021,12.82025,13.0625,12.7,12.94825,273519880
03-30-2021,12.84195,12.97525,12.705,12.87175,200202480
03-31-2021,13.0155,13.4705,12.9825,13.34825,314777520
04-01-2021,13.57225,13.87,13.51125,13.81175,308274600
04-05-2021,13.8675,14.0139625,13.733,13.9875,255671400
04-06-2021,13.9996775,14.054125,13.7736225,13.8615,191745960
04-07-2021,13.88075,14.2434975,13.7115,14.1435,251284360
04-08-2021,14.25275,14.4715,14.2489425,14.317,244414920
04-09-2021,14.214,14.408,14.175,14.4,195170880
04-12-2021,14.28975,15.3525,14.13925,15.209,869322000
04-13-2021,15.2315,15.7,15.12575,15.6795,676211880
04-14-2021,15.625,15.72046,15.2275,15.277,385501920
04-15-2021,15.6625,16.21415,15.6315,16.13725,598480680
04-16-2021,16.0530875,16.16575,15.86525,15.9125,335207560
04-19-2021,15.53654,15.8075,15.2330025,15.36175,404418080
04-20-2021,15.32325,15.497,14.963,15.17125,334133040
04-21-2021,15.11875,15.3625,15.10225,15.3605,216777040
04-22-2021,15.375,15.4385675,14.7835,14.85025,277786280
04-23-2021,14.9343625,15.334875,14.90025,15.26525,227772200
04-26-2021,15.185045,15.479,15.125,15.478,197797080
04-27-2021,15.5785,15.6705,15.3545,15.38175,164573000
04-28-2021,15.3645,15.53225,15.2155175,15.27675,209416200
04-29-2021,15.4,15.4365,15.0715,15.32475,173196480
04-30-2021,15.1745,15.3649975,14.997,15.0095,201910080
05-03-2021,15.125,15.24675,14.7875,14.83675,203911840
05-04-2021,14.63725,14.6375,14.0102525,14.35125,405324800
05-05-2021,14.709,14.8135,14.3875,14.4585,292023040
05-06-2021,14.49525,14.57125,14.21809,14.523,193380920
05-07-2021,14.80825,14.97075,14.6717075,14.81225,229327320
05-10-2021,14.78725,14.806,14.25,14.26575,268903800
05-11-2021,13.825,14.35475,13.75,14.30625,285585360
05-12-2021,14.0095,14.26025,13.70925,13.7585,303409320
05-13-2021,14.03375,14.08075,13.459,13.66525,285727480
05-14-2021,13.89,14.328105,13.7485,14.243,258615000
05-17-2021,14.157,14.16925,13.8535,14.1655,216980840
05-18-2021,14.267,14.40425,14.004,14.01575,186254240
05-19-2021,13.5665,14.0795,13.54325,14.06575,343999360
05-20-2021,14.3025,14.683785,14.2705,14.6125,321591920
05-21-2021,15.16375,15.222,14.86939,14.99175,672992000
05-24-2021,15.2125,15.745,15.176,15.612,554816200
05-25-2021,15.766,15.8184975,15.4825,15.64775,435406880
05-26-2021,15.73425,15.79375,15.58625,15.7,370438640
05-27-2021,15.69975,15.75,15.46,15.488,581475200
05-28-2021,15.501,16.277475,15.501,16.2445,644535600
06-01-2021,16.27,16.388125,15.90325,16.2645,472803000
06-02-2021,16.25225,16.9188675,16.2355,16.77825,594167560
06-03-2021,16.70075,17.259,16.583,16.96975,580006800
06-04-2021,17.1125,17.661,17.0955,17.57825,617120280
06-07-2021,17.57114,17.8125,17.19275,17.619,575754920
06-08-2021,17.52725,17.6215875,17.251,17.457,323846760
06-09-2021,17.51575,17.575,17.25575,17.35825,381657480
06-10-2021,17.35,17.492,17.1760025,17.425,287770440
06-11-2021,17.4795,17.939225,17.44375,17.82525,416307640
06-14-2021,17.906,18.0395,17.6627525,18.01875,321374280
06-15-2021,17.915,18.01625,17.72795,17.7885,243030440
06-16-2021,17.79075,17.9546775,17.584425,17.81025,307122600
06-17-2021,17.7745675,18.835,17.7562525,18.65725,809654880
06-18-2021,18.784,19.375,18.584,18.63875,968854280
06-21-2021,18.43525,18.5365,17.82265,18.42725,672382160
06-22-2021,18.4715,18.96375,18.385875,18.88675,580145560
06-23-2021,19.00775,19.15275,18.90775,19.05725,332357040
06-24-2021,19.22775,19.42,19.08825,19.2055,320922400
06-25-2021,19.2805,19.3455,18.894375,19.031,278365920
06-28-2021,19.36125,20.07875,19.319,19.985,495436560
06-29-2021,19.8825,20.09875,19.656875,20.02675,367633840
06-30-2021,19.999125,20.1625,19.86375,20.0025,326566160
07-01-2021,20.125,20.456,20.019,20.212,480134960
07-02-2021,20.440125,20.50525,20.28775,20.487,343396680
07-06-2021,20.7375,20.842,20.35025,20.6985,446707480
07-07-2021,20.8535,20.875,20.33205,20.37175,418427280
07-08-2021,19.8565,20.133,19.70075,19.90275,503299680
07-09-2021,19.9625,20.080125,19.75425,20.05025,296622680
07-12-2021,20.24,20.53275,20.18775,20.5125,321984760
07-13-2021,20.4005,20.46125,20.1140025,20.25,290706320
07-14-2021,20.35775,20.41775,19.75275,19.8415,380099200
07-15-2021,19.81175,19.847,18.8585025,18.96625,550564520
07-16-2021,19.0305,19.15711,18.073,18.161,688222640
07-19-2021,17.91525,19.042,17.8655,18.77975,749058760
07-20-2021,18.73,18.838,18.164,18.612,434686540
07-21-2021,18.882,19.527,18.742,19.41,371017360
07-22-2021,19.642,19.887,19.276,19.594,323825950
07-23-2021,19.65635,19.7,19.25,19.558,195671980
07-26-2021,19.311,19.442,18.914,19.294,203943160
07-27-2021,19.265,19.622,18.741,19.208,248862580
07-28-2021,19.3192,19.646,18.995,19.503,202191150
07-29-2021,19.519,19.853,19.32803,19.662,190780880
07-30-2021,19.418,19.63,19.263,19.499,183497460
08-02-2021,19.7,19.961,19.361,19.75,217443970
08-03-2021,19.74,20.222,19.22,19.815,301810740
08-04-2021,19.99,20.318,19.828,20.274,231309400
08-05-2021,20.5,20.733,20.342,20.637,211435370
08-06-2021,20.524,20.57,20.21,20.366,178496610
08-09-2021,20.446,20.50799,20.143,20.295,146443100
08-10-2021,20.322,20.43,19.83454,19.936,179237780
08-11-2021,20.043,20.049,19.43,19.699,185924840
08-12-2021,19.87,20.02899,19.62,19.905,151861550
08-13-2021,19.905,20.21381,19.851,20.188,183062860
08-16-2021,20.135,20.287,19.453,19.95,211152800
08-17-2021,19.685,19.77,19.267,19.458,204584850
08-18-2021,19.5,19.63365,19.0,19.04,285913480
08-19-2021,19.494,20.495,18.762,19.798,766554770
08-20-2021,19.991,20.86506,19.933,20.816,675741310
08-23-2021,20.971,21.997,20.95,21.958,575806580
08-24-2021,21.753,21.959,21.535,21.793,297298920
08-25-2021,21.737,22.47,21.722,22.213,347701040
08-26-2021,22.2,22.34,21.79,22.068,237940420
08-27-2021,22.184,22.722,22.167,22.636,304722190
08-30-2021,22.82997,23.043,22.551,22.688,262579900
08-31-2021,22.695,22.695,22.12,22.385,259849680
09-01-2021,22.485,22.697,22.3565,22.441,201766950
09-02-2021,22.518,22.59299,22.2945,22.396,188109570
09-03-2021,22.325,22.986,22.2,22.843,280831980
09-07-2021,22.833,22.899,22.5224,22.662,198107160
09-08-2021,22.513,22.61,21.977,22.339,254434210
09-09-2021,22.312,22.538,22.131,22.177,196856010
09-10-2021,22.34831,22.626,22.27,22.478,248375740
09-13-2021,22.684,22.964,21.858,22.152,297499900
09-14-2021,22.275,22.41,22.086,22.242,199754600
09-15-2021,22.309,22.36699,21.966,22.341,166538010
09-16-2021,22.18345,22.277,21.927,22.242,156033440
09-17-2021,22.3,22.321,21.83,21.9,294502840
09-20-2021,21.146,21.433,20.662,21.113,349440450
09-21-2021,21.4165,21.425,20.95,21.246,204688100
09-22-2021,21.3655,21.96,21.196,21.941,268725560
09-23-2021,22.14,22.5345,21.89,22.482,248554910
09-24-2021,22.07,22.149,21.861,22.081,217655450
09-27-2021,21.71035,21.799,21.325,21.66,245215140
09-28-2021,21.2135,21.419,20.651,20.699,343068950
09-29-2021,20.9395,21.017,20.467,20.517,218393630
09-30-2021,20.7684,21.066,20.688,20.716,221009120
10-01-2021,20.75,20.859,20.203,20.742,240977960
10-04-2021,20.504,20.54179,19.555,19.732,345634970
10-05-2021,19.95,20.648,19.854,20.451,279281650
10-06-2021,20.12,20.72,20.08,20.7,297201750
10-07-2021,21.092,21.322,20.972,21.075,256918930
10-08-2021,21.101,21.206,20.775,20.831,151257910
10-11-2021,20.575,21.063,20.511,20.695,163387540
10-12-2021,20.8275,21.057,20.528,20.671,162133540
10-13-2021,20.918,20.99,20.713,20.939,180651880
10-14-2021,21.288,21.755,21.12201,21.746,243588810
10-15-2021,21.81,21.931,21.662,21.862,226994010
10-18-2021,21.749,22.291,21.644,22.222,189493560
10-19-2021,22.276,22.379,22.037,22.29,161473290
10-20-2021,22.3045,22.433,21.982,22.103,146275940
10-21-2021,22.097,22.711,22.083,22.692,187590320
10-22-2021,22.823,23.13,22.561,22.726,249383790
10-25-2021,22.973,23.35499,22.77,23.166,230234830
10-26-2021,23.989,25.259,23.924,24.717,485898300
10-27-2021,24.474,25.09,24.28201,24.451,245989890
10-28-2021,24.878,24.95,24.523,24.941,234204310
10-29-2021,25.0005,25.709,25.0,25.567,292502840
11-01-2021,25.649,25.894,25.227,25.827,265739760
11-02-2021,25.822,26.678,25.8,26.401,294112390
11-03-2021,26.67,26.784,26.235,26.598,239910330
11-04-2021,27.229,31.365,27.118,29.801,1153631150
11-05-2021,30.187,31.4,29.41,29.752,851260150
11-08-2021,30.149,31.1,29.907,30.804,503100930
11-09-2021,32.282,32.31,29.964,30.657,646746210
11-10-2021,29.356,30.85,28.778,29.459,636205720
11-11-2021,30.468,30.59,29.77701,30.39,332172110
11-12-2021,30.01,30.68,29.63,30.39,413054280
11-15-2021,30.552,30.644,29.247,30.025,384909000
11-16-2021,29.759,30.39,29.70587,30.203,264483670
11-17-2021,30.418,30.509,28.8,29.261,428507990
11-18-2021,32.367,32.76,31.321,31.675,781710750
11-19-2021,32.243,33.088,31.905,32.985,533866650
11-22-2021,33.517,34.647,31.9,31.956,754335240
11-23-2021,31.535,32.36,30.88,31.746,532162700
11-24-2021,31.461,32.855,30.928,32.674,435162260
11-26-2021,32.6,32.71,31.35,31.503,283068860
11-29-2021,32.366,33.412,32.036,33.376,454963980
11-30-2021,33.169,33.353,31.86401,32.676,622066470
12-01-2021,33.21947,33.28934,31.38,31.435,485802040
12-02-2021,31.214,32.47799,31.025,32.126,472890330
12-03-2021,32.0,32.129,30.13,30.693,544325050
12-06-2021,29.88,30.241,28.038,30.037,658938450
12-07-2021,30.957,32.449,30.651,32.427,593053480
12-08-2021,31.999,32.29,31.42101,31.826,475551450
12-09-2021,31.734,32.205,30.428,30.49,488507160
12-10-2021,31.15,31.305,29.861,30.198,488825090
12-13-2021,30.249,30.294,28.116,28.161,598343660
12-14-2021,27.699,28.678,27.25,28.337,667035370
12-15-2021,28.4,30.5,27.838,30.459,698296880
12-16-2021,31.152,31.16,28.093,28.387,707365950
12-17-2021,27.985,28.922,27.76,27.801,716622390
12-20-2021,27.305,28.144,27.145,27.719,461846760
12-21-2021,28.374,29.12,27.401,29.075,524384940
12-22-2021,28.891,29.555,28.449,29.4,395184380
12-23-2021,29.755,30.059,29.43101,29.64,343021740
12-27-2021,29.66,31.0865,29.64,30.945,403685870
12-28-2021,31.312,31.33,30.01181,30.322,420591210
12-29-2021,30.2725,30.548,29.366,30.001,343139280
12-30-2021,29.827,30.457,29.54,29.586,308864220
12-31-2021,29.674,30.03,29.33057,29.411,266529910
01-03-2022,29.815,30.711,29.785,30.121,392402940
01-04-2022,30.277,30.468,28.349,29.29,527154400
01-05-2022,28.949,29.416,27.533,27.604,498063880
01-06-2022,27.64,28.43799,27.065,28.178,454186370
01-07-2022,28.141,28.422,27.057,27.247,409938510
01-10-2022,26.581,27.469,25.64384,27.4,594680950
01-11-2022,27.3225,28.065,26.839,27.817,404089290
01-12-2022,28.0665,28.595,27.608,27.999,383413480
01-13-2022,28.379,28.48,26.498,26.575,538868090
01-14-2022,26.3,27.1969,26.21001,26.942,395832350
01-18-2022,26.26,26.638,25.77,25.903,425306170
01-19-2022,26.079,26.54317,25.052,25.067,488314510
01-20-2022,25.304,25.57904,24.078,24.15,435180730
01-21-2022,23.507,24.823,23.263,23.374,718957840
01-24-2022,22.33,23.38,20.888,23.372,915810630
01-25-2022,22.546,22.943,22.0,22.324,664616360
01-26-2022,23.24,24.057,22.3,22.772,755958730
01-27-2022,23.568,23.995,21.675,21.944,573352720
01-28-2022,22.01215,22.858,21.296,22.84,543774250
01-31-2022,23.182,24.509,23.052,24.486,564679680
02-01-2022,25.104,25.145,23.89001,24.638,518925170
02-02-2022,25.794,25.817,24.55301,25.242,543419410
02-03-2022,24.458,25.077,23.78,23.948,410177780
02-04-2022,23.972,24.635,23.632,24.319,354828500
02-07-2022,24.372,25.182,24.202,24.728,376867500
02-08-2022,24.359,25.23,23.98,25.108,410358640
02-09-2022,25.622,26.725,25.353,26.705,524281660
02-10-2022,25.995,26.92499,25.6,25.824,513199720
02-11-2022,25.916,26.152,23.773,23.949,605471980
02-14-2022,23.934,24.875,23.755,24.267,440424430
02-15-2022,24.949,26.545,24.784,26.495,701752800
02-16-2022,26.259,26.582,25.552,26.511,732676330
02-17-2022,25.63,25.785,24.165,24.507,810595080
02-18-2022,24.6675,24.986,23.1,23.642,761254910
02-22-2022,23.035,24.06399,23.0,23.39,633422440
02-23-2022,23.802,24.15499,22.301,22.387,566510770
02-24-2022,21.015,23.8,20.89,23.748,735800630
02-25-2022,23.721,24.217,23.381,24.157,528865510
02-28-2022,23.992,24.665,23.70701,24.385,477318610
03-01-2022,24.291,24.377,23.132,23.477,412055980
03-02-2022,23.756,24.409,23.415,24.22,389641850
03-03-2022,24.2615,24.32599,23.469,23.714,365095040
03-04-2022,23.384,23.68,22.482,22.936,432010700
03-07-2022,22.817,23.033,21.33,21.352,450820890
03-08-2022,21.309,22.37299,20.65,21.514,557467190
03-09-2022,22.387,23.22,22.247,23.014,492741950
03-10-2022,22.531,22.788,21.882,22.658,428065650
03-11-2022,23.022,23.145,22.046,22.1,367208570
03-14-2022,21.869,22.262,21.15901,21.33,385354240
03-15-2022,21.518,23.038,21.32201,22.973,491995690
03-16-2022,23.5,24.597,23.172,24.496,671421740
03-17-2022,24.12,24.842,23.906,24.766,471941190
03-18-2022,24.799,26.56899,24.624,26.453,730718560
03-21-2022,26.507,27.15199,25.967,26.734,591727080
03-22-2022,26.727,27.238,26.072,26.524,547007100
03-23-2022,26.126,26.6115,25.57501,25.634,502119860
03-24-2022,26.166,28.31999,25.907,28.15,877379140
03-25-2022,27.886,28.358,27.271,27.692,579016180
03-28-2022,27.7555,28.25,27.206,28.219,425493920
03-29-2022,28.6945,28.946,27.98,28.656,488984400
03-30-2022,28.304,28.4955,27.503,27.69,463487130
03-31-2022,27.782,28.248,27.27,27.286,523440220
04-01-2022,27.375,27.496,26.267,26.712,517235110
04-04-2022,26.728,27.558,26.613,27.36,397707820
04-05-2022,27.254,27.319,25.82,25.931,436614730
04-06-2022,24.934,25.3,24.003,24.407,703832560
04-07-2022,24.441,24.722,23.478,24.208,557992360
04-08-2022,23.917,23.923,23.06201,23.119,524780640
04-11-2022,22.214,22.31994,21.66,21.917,575206840
04-12-2022,22.537,22.725,21.28204,21.504,662258070
04-13-2022,21.728,22.5,21.455,22.203,516943440
04-14-2022,22.505,22.777,21.163,21.258,569096850
04-18-2022,21.2,22.088,21.079,21.783,525700610
04-19-2022,21.72,22.373,21.314,22.198,512780580
04-20-2022,22.5171,22.67037,21.2,21.482,468974440
04-21-2022,21.70915,22.392,20.0,20.183,656209440
04-22-2022,20.303,20.486,19.5,19.515,624713430
04-25-2022,19.202,19.945,19.096,19.902,641565610
04-26-2022,19.718,19.788,18.67,18.788,653142500
04-27-2022,18.598,19.167,18.29,18.415,499460170
04-28-2022,18.967,20.037,18.48957,19.782,570326710
04-29-2022,19.402,20.12848,18.517,18.547,500434910
05-02-2022,18.5405,19.574,18.391,19.533,572048680
05-03-2022,19.4,19.825,19.133,19.602,475750840
05-04-2022,19.923,20.4,18.751,20.334,648854630
05-05-2022,19.867,19.925,18.5,18.844,626331410
05-06-2022,18.736,19.512,17.99,18.675,633296720
05-09-2022,18.034,18.255,16.827,16.95,644454510
05-10-2022,17.689,18.198,17.025,17.595,761474290
05-11-2022,17.347,17.753,16.568,16.63,670167030
05-12-2022,16.2191,16.788,15.567,16.175,708728370
05-13-2022,16.788,17.92843,16.5925,17.706,670436510
05-16-2022,17.509,17.788,17.106,17.264,521445980
05-17-2022,18.074,18.371,17.634,18.177,585829710
05-18-2022,17.705,18.118,16.864,16.938,545161060
05-19-2022,16.937,17.687,16.73405,17.124,621309590
05-20-2022,17.332,17.41,15.755,16.694,739105260
05-23-2022,16.274,16.915,16.17901,16.898,639888690
05-24-2022,16.51,16.597,15.78,16.154,588550020
05-25-2022,16.02,17.11099,16.0,16.975,781131900
05-26-2022,16.036,18.092,16.022,17.851,996574520
05-27-2022,18.186,18.881,18.1,18.811,738379350
05-31-2022,18.98,19.2,18.35,18.672,664099510
06-01-2022,18.724,19.05318,18.122,18.32,544513900
06-02-2022,18.292,19.619,18.198,19.592,648655800
06-03-2022,19.0815,19.3323,18.52156,18.72,598778700
06-06-2022,19.139,19.337,18.5642,18.786,422406150
06-07-2022,18.472,19.0,18.188,18.926,388914110
06-08-2022,18.799,19.18,18.535,18.648,363252460
06-09-2022,18.481,18.933,18.041,18.048,395573790
06-10-2022,17.6,17.697,16.869,16.974,465649660
06-13-2022,16.0,16.312,15.606,15.647,604153380
06-14-2022,15.731,16.066,15.412,15.836,469679520
06-15-2022,16.095,16.868,15.926,16.527,563935650
06-16-2022,15.86,15.94232,15.401,15.601,545748670
06-17-2022,15.648,15.995,15.328,15.88,630333970
06-21-2022,16.4745,17.008,16.407,16.566,483088880
06-22-2022,16.226,16.662,16.18,16.36,437997440
06-23-2022,16.5185,16.585,15.853,16.225,463679590
06-24-2022,16.5,17.14,16.31,17.126,472152830
06-27-2022,17.312,17.33,16.6255,16.869,427967880
06-28-2022,16.9,17.20199,15.945,15.982,461859360
06-29-2022,15.814,15.82,15.17,15.542,482352280
06-30-2022,15.361,15.567,14.862,15.159,686070030
07-01-2022,14.899,15.06291,14.392,14.523,577610080
07-05-2022,14.175,14.971,14.055,14.964,652207610
07-06-2022,15.01,15.31899,14.789,15.13,529065860
07-07-2022,15.4555,15.945,15.389,15.858,492902760
07-08-2022,15.43,16.03699,15.389,15.838,467971760
07-11-2022,15.526,15.52699,15.03801,15.152,438388730
07-12-2022,15.268,15.431,14.877,15.082,458483100
07-13-2022,14.59,15.375,14.465,15.164,521918340
07-14-2022,15.108,15.47299,14.728,15.372,456234840
07-15-2022,15.659,15.782,15.445,15.762,385935470
07-18-2022,16.302,16.897,16.002,16.101,670517450
07-19-2022,16.486,17.11,16.17201,16.992,702366080
07-20-2022,16.947,17.9325,16.801,17.807,760537790
07-21-2022,17.885,18.144,17.54456,18.05,557049280
07-22-2022,17.893,17.967,17.1365,17.319,536670880
07-25-2022,17.019,17.124,16.649,17.024,480747510
07-26-2022,16.889,16.919,16.478,16.533,397864910
07-27-2022,17.032,17.936,16.91301,17.79,569776230
07-28-2022,17.975,18.14,17.44,17.984,474646280
07-29-2022,17.813,18.244,17.692,18.163,435460420
08-01-2022,18.182,18.846,17.99,18.441,476469040
08-02-2022,18.122,18.93753,18.092,18.526,489526920
08-03-2022,18.184,18.968,18.137,18.893,418145570
08-04-2022,18.849,19.274,18.76,19.215,409652270
08-05-2022,18.81,19.22892,18.666,18.989,386068290
08-08-2022,17.502,18.239,17.242,17.793,983783180
08-09-2022,17.252,17.44719,16.724,17.086,668262650
08-10-2022,17.698,18.118,17.31701,18.097,597422460
08-11-2022,18.131,18.707,17.876,17.942,509326550
08-12-2022,18.16,18.718,17.953,18.709,478094150
08-15-2022,18.701,19.164,18.613,19.032,457665560
08-16-2022,18.9195,19.142,18.501,18.879,451239640
08-17-2022,18.523,18.688,18.145,18.335,446799110
08-18-2022,18.301,18.86499,18.183,18.773,415446560
08-19-2022,18.406,18.52,17.77,17.849,441588330
08-22-2022,17.49,17.558,16.966,17.034,409592710
08-23-2022,16.9885,17.465,16.97,17.181,369985770
08-24-2022,17.012,17.406,16.895,17.222,522660710
08-25-2022,16.844,17.947,16.833,17.913,770691330
08-26-2022,17.857,17.924,16.237,16.26,769127430
08-29-2022,16.02,16.338,15.767,15.801,496131940
08-30-2022,15.96,16.039,15.182,15.468,530180690
08-31-2022,15.384,15.54,14.95851,15.094,573709860
09-01-2022,14.209,14.38,13.27021,13.937,1178865140
09-02-2022,14.1,14.171,13.591,13.647,743157460
09-06-2022,13.731,13.779,13.351,13.465,535751180
09-07-2022,13.563,13.838,13.346,13.714,512657460
09-08-2022,13.459,14.008,13.369,13.99,624873120
09-09-2022,14.157,14.474,14.126,14.387,487128420
09-12-2022,14.369,14.547,14.198,14.505,484159240
09-13-2022,13.802,13.922,13.099,13.131,714955630
09-14-2022,13.254,13.28999,12.913,13.128,588506540
09-15-2022,13.0152,13.23299,12.79,12.929,523625160
09-16-2022,12.7415,13.212,12.617,13.198,670751400
09-19-2022,13.012,13.463,13.01,13.382,569685280
09-20-2022,13.2145,13.48276,13.057,13.176,524817750
09-21-2022,13.213,14.031,13.11,13.261,807679400
09-22-2022,13.07,13.14897,12.428,12.561,759162160
09-23-2022,12.42,12.611,12.257,12.516,663309310
09-26-2022,12.491,12.659,12.214,12.228,547342690
09-27-2022,12.507,12.736,12.258,12.413,553854060
09-28-2022,12.41,12.823,12.35386,12.736,542413880
09-29-2022,12.448,12.5,11.94601,12.22,532763120
09-30-2022,12.087,12.633,12.075,12.139,565638420
10-03-2022,12.347,12.678,12.105,12.512,547478470
10-04-2022,12.879,13.22,12.879,13.167,584181670
10-05-2022,12.9107,13.321,12.621,13.209,507130730
10-06-2022,13.22,13.656,13.103,13.13,644156890
10-07-2022,12.505,12.67,12.022,12.076,672478160
10-10-2022,12.037,12.12432,11.40812,11.67,698699250
10-11-2022,11.561,11.846,11.283,11.586,667481630
10-12-2022,11.579,11.735,11.345,11.5,492590190
10-13-2022,10.971,12.07799,10.813,11.96,850103010
10-14-2022,12.057,12.111,11.204,11.227,713431990
10-17-2022,11.518,11.948,11.517,11.888,580774170
10-18-2022,12.344,12.492,11.618,11.967,659362060
10-19-2022,11.879,12.35,11.834,12.051,523130610
10-20-2022,12.113,12.769,12.105,12.194,652397610
10-21-2022,12.0982,12.498,11.887,12.466,609494410
10-24-2022,12.508,12.71,12.064,12.599,517457400
10-25-2022,12.6935,13.3,12.664,13.261,505482330
10-26-2022,12.869,13.388,12.708,12.896,535533290
10-27-2022,13.63,13.838,13.122,13.176,583113080
10-28-2022,13.104,13.85,13.061,13.834,521039930
10-31-2022,13.778,13.838,13.297,13.497,486340990
11-01-2022,13.811,13.925,13.519,13.543,432816900
11-02-2022,13.85,14.21,13.21124,13.219,672627840
11-03-2022,13.043,13.781,12.956,13.421,500064860
11-04-2022,13.986,14.229,13.697,14.156,612575910
11-07-2022,14.228,14.412,13.954,14.301,410060950
11-08-2022,14.801,14.89101,14.216,14.602,595291990
11-09-2022,14.1615,14.211,13.75901,13.776,454413660
11-10-2022,14.8,15.773,14.547,15.75,700819250
11-11-2022,15.8075,16.389,15.482,16.327,655487470
11-14-2022,16.218,16.54,15.922,16.295,527852450
11-15-2022,16.7215,16.998,16.382,16.666,545875500
11-16-2022,16.1615,16.362,15.873,15.91,649546840
11-17-2022,15.715,16.266,15.535,15.677,710893560
11-18-2022,15.966,16.002,15.12001,15.409,492071650
11-21-2022,15.147,15.477,15.08,15.317,404739310
11-22-2022,15.328,16.05757,15.1216,16.038,472866070
11-23-2022,16.098,16.527,16.04801,16.519,427240930
11-25-2022,16.318,16.487,16.172,16.27,167934300
11-28-2022,16.026,16.357,15.725,15.827,304152010
11-29-2022,15.827,15.932,15.52,15.639,298384490
11-30-2022,15.697,16.93,15.597,16.923,565298220
12-01-2022,16.999,17.265,16.635,17.135,470976570
12-02-2022,16.659,16.93257,16.445,16.876,371388580
12-05-2022,16.679,16.995,16.47201,16.61,352255170
12-06-2022,16.53,16.573,15.819,15.987,352694270
12-07-2022,15.772,16.186,15.667,16.12,372387580
12-08-2022,16.273,17.179,15.959,17.169,515455540
12-09-2022,17.16,17.583,16.975,17.001,465338190
12-12-2022,17.037,17.538,16.797,17.535,457327800
12-13-2022,18.531,18.79,17.711,18.072,656588760
12-14-2022,17.987,18.252,17.42,17.674,496888100
12-15-2022,17.146,17.32,16.7,16.952,478542100
12-16-2022,16.8642,17.041,16.41,16.571,478231930
12-19-2022,16.572,16.609,16.145,16.254,354038770
12-20-2022,16.064,16.31,15.852,16.085,403259790
12-21-2022,16.114,16.627,16.102,16.501,325025380
12-22-2022,16.0935,16.138,14.882,15.339,565045270
12-23-2022,15.196,15.339,14.883,15.206,349325630
12-27-2022,15.074,15.1,14.056,14.121,464902260
12-28-2022,13.927,14.262,13.884,14.036,351066450
12-29-2022,14.402,14.683,14.227,14.603,354923240
12-30-2022,14.334,14.62899,14.233,14.614,310489830
01-03-2023,14.851,14.996,14.096,14.315,401276580
01-04-2023,14.567,14.853,14.241,14.749,431323600
01-05-2023,14.491,14.564,14.14795,14.265,389168110
01-06-2023,14.474,15.01,14.034,14.859,405043620
01-09-2023,15.284,16.056,15.141,15.628,504230560
01-10-2023,15.507,15.96199,15.472,15.909,384101260
01-11-2023,15.83951,16.028,15.563,16.001,353284930
01-12-2023,16.1,16.637,15.492,16.511,551409060
01-13-2023,16.278,16.922,16.165,16.899,447287060
01-17-2023,16.899,17.728,16.899,17.702,511102160
01-18-2023,17.667,17.873,17.282,17.377,439623550
01-19-2023,17.036,17.197,16.731,16.765,452931600
01-20-2023,17.011,17.856,16.825,17.839,564967120
01-23-2023,18.064,19.245,17.8175,19.193,655162590
01-24-2023,18.827,19.495,18.82,19.265,496204100
01-25-2023,18.9125,19.37,18.58,19.323,449537110
01-26-2023,19.701,20.166,19.278,19.802,489535420
01-27-2023,19.462,20.628,19.405,20.365,542141980
01-30-2023,19.95,20.14,19.15,19.162,488611150
01-31-2023,19.1695,19.687,18.95,19.537,498016580
02-01-2023,19.691,21.192,19.611,20.943,660477040
02-02-2023,21.0,21.949,20.7,21.709,564275800
02-03-2023,21.0,21.74499,20.789,21.1,429365950
02-06-2023,20.806,21.57,20.786,21.089,452197090
02-07-2023,21.382,22.259,21.15,22.173,664149610
02-08-2023,22.387,22.878,22.00801,22.205,559651220
02-09-2023,22.606,23.02,22.12,22.337,523875780
02-10-2023,21.69,22.07764,20.811,21.265,550736750
02-13-2023,21.538,22.048,20.962,21.788,474918620
02-14-2023,21.578,23.0488,21.366,22.971,675473500
02-15-2023,22.549,22.855,22.106,22.764,421188260
02-16-2023,22.133,22.55,21.9268,22.002,412026280
02-17-2023,21.631,21.74,20.975,21.388,465887640
02-21-2023,21.0,21.4938,20.618,20.655,410014550
02-22-2023,20.707,21.104,20.421,20.754,513184320
02-23-2023,23.44,23.888,23.025,23.664,1117995410
02-24-2023,23.225,23.474,22.947,23.286,589715910
02-27-2023,23.67,23.87994,23.454,23.501,452993670
02-28-2023,23.372,23.825,23.206,23.216,455962800
03-01-2023,23.192,23.25557,22.508,22.698,460025620
03-02-2023,22.488,23.3804,22.432,23.314,390074650
03-03-2023,23.32,23.9,23.13,23.89,412393300
03-06-2023,23.891,24.248,23.487,23.554,437429230
03-07-2023,23.6,24.125,23.241,23.288,515153880
03-08-2023,23.487,24.2,23.4235,24.181,513573390
03-09-2023,24.175,24.454,23.38284,23.436,501256990
03-10-2023,23.409,23.627,22.726,22.965,474865650
03-13-2023,22.752,23.298,22.297,22.966,421890320
03-14-2023,23.496,24.219,23.46,24.063,474910130
03-15-2023,23.761,24.286,23.36,24.228,524485740
03-16-2023,24.027,25.588,23.894,25.541,584946260
03-17-2023,25.982,26.399,25.668,25.725,848546560
03-20-2023,25.615,26.024,25.12983,25.9,432747190
03-21-2023,26.18,26.392,25.381,26.199,547407760
03-22-2023,26.425,27.589,26.237,26.468,797295110
03-23-2023,27.1155,27.499,26.69,27.191,564888760
03-24-2023,27.031,27.167,26.355,26.779,455414070
03-27-2023,26.837,27.0,26.365,26.531,361025740
03-28-2023,26.447,26.513,25.85,26.41,356103780
03-29-2023,26.825,27.078,26.597,26.984,393693870
03-30-2023,27.229,27.499,27.102,27.383,364515740
03-31-2023,27.14,27.83431,27.105,27.777,433932770
04-03-2023,27.509,28.0,27.336,27.965,398715600
04-04-2023,27.966,28.0,27.307,27.453,368591530
04-05-2023,26.829,26.998,26.395,26.881,515014740
04-06-2023,26.584,27.08,26.427,27.037,397654340
04-10-2023,26.823,27.62099,26.669,27.579,395278550
04-11-2023,27.7235,27.79,27.126,27.169,314378170
04-12-2023,27.37,27.46799,26.4475,26.495,446258950
04-13-2023,26.734,26.8869,26.329,26.463,353615280
04-14-2023,26.504,26.883,26.22,26.758,395660130
04-17-2023,26.5655,27.006,26.43318,27.002,321471300
04-18-2023,27.5335,28.11,27.357,27.667,604811540
04-19-2023,27.361,28.0,27.232,27.931,358660410
04-20-2023,27.671,28.03,27.0,27.104,427713260
04-21-2023,26.952,27.183,26.722,27.119,345102770
04-24-2023,27.013,27.36599,26.67101,27.042,339281860
04-25-2023,27.078,27.247,26.225,26.241,378527160
04-26-2023,27.002,27.33,26.7051,26.956,406336810
04-27-2023,27.363,27.495,26.62501,27.226,377161190
04-28-2023,27.225,27.758,27.07148,27.749,292216140
05-01-2023,27.84,29.05844,27.78,28.91,570328530
05-02-2023,28.68,28.83599,28.083,28.21,402729570
05-03-2023,27.84,28.367,27.472,27.802,383387400
05-04-2023,27.651,27.859,27.24,27.562,321850410
05-05-2023,27.8255,28.755,27.731,28.68,361494080
05-08-2023,28.522,29.22,28.35,29.151,344978900
05-09-2023,28.899,28.973,28.45,28.571,314869460
05-10-2023,29.005,29.113,28.46128,28.885,369349980
05-11-2023,28.896,28.95,28.246,28.578,322149030
05-12-2023,28.529,28.78,28.046,28.34,274222250
05-15-2023,28.5085,28.969,28.152,28.953,293925870
05-16-2023,28.841,29.87,28.832,29.213,449404940
05-17-2023,29.584,30.199,29.43001,30.178,432535410
05-18-2023,30.41,31.828,30.32,31.678,748725010
05-19-2023,31.536,31.58,30.916,31.264,473907650
05-22-2023,30.901,31.52,30.68,31.176,371999670
05-23-2023,31.0,31.288,30.631,30.688,356253260
05-24-2023,30.21,30.607,29.806,30.538,721418510
05-25-2023,38.523,39.48,36.635,37.98,1543910670
05-26-2023,37.89,39.17,37.55,38.946,714396760
05-30-2023,40.595,41.938,39.949,40.111,923401100
05-31-2023,39.488,40.295,37.822,37.834,1002580200
06-01-2023,38.489,40.05,38.34,39.77,635872950
06-02-2023,40.097,40.5,39.05801,39.327,482731210
06-05-2023,38.909,39.56503,38.707,39.171,396093810
06-06-2023,38.83,39.16,38.148,38.654,388729140
06-07-2023,38.915,39.499,37.356,37.475,511997890
06-08-2023,37.724,38.864,37.505,38.51,417772400
06-09-2023,39.037,39.711,38.567,38.77,427717470
06-12-2023,39.2,39.52999,38.618,39.482,389673350
06-13-2023,40.186,41.101,39.74,41.022,613208160
06-14-2023,40.824,43.0,40.552,42.997,740465020
06-15-2023,42.602,43.289,42.147,42.653,568622040
06-16-2023,43.45,43.721,42.6605,42.692,655709410
06-20-2023,42.998,43.99,42.674,43.808,451153110
06-21-2023,43.501,43.615,42.08,43.045,551602910
06-22-2023,42.253,43.4255,42.234,43.025,417737430
06-23-2023,42.464,42.809,42.015,42.209,358139840
06-26-2023,42.461,42.764,40.1,40.632,594321920
06-27-2023,40.799,41.94,40.448,41.876,462174700
06-28-2023,40.66,41.845,40.518,41.117,582639270
06-29-2023,41.558,41.6,40.6,40.822,380514300
06-30-2023,41.68,42.55,41.501,42.302,501147750
07-03-2023,42.517,42.898,42.202,42.413,198209190
07-05-2023,42.135,43.177,42.085,42.317,323617560
07-06-2023,41.844,42.179,41.346,42.103,304138790
07-07-2023,42.322,43.214,42.18,42.503,355881470
07-10-2023,42.657,42.811,41.649,42.18,353908110
07-11-2023,42.481,42.758,42.067,42.405,298244060
07-12-2023,43.033,43.935,42.77728,43.902,481277020
07-13-2023,44.518,46.155,44.492,45.977,478203690
07-14-2023,46.58281,48.088,45.06,45.469,772075330
07-17-2023,46.289,46.496,45.26241,46.461,510488220
07-18-2023,46.701,47.89599,45.734,47.494,570190420
07-19-2023,47.464,47.818,46.742,47.077,427501790
07-20-2023,46.507,47.087,45.062,45.52,537864510
07-21-2023,45.788,45.866,44.1,44.309,963768630
07-24-2023,44.731,45.109,44.04,44.612,383099740
07-25-2023,44.941,46.1825,44.923,45.679,348080910
07-26-2023,46.021,46.053,44.63,45.452,364237260
07-27-2023,46.519,47.395,45.75,45.9,455975520
07-28-2023,46.668,47.027,46.381,46.75,331194240
07-31-2023,46.754,47.13,46.50601,46.729,251055280
08-01-2023,46.4595,46.9,46.027,46.507,239275970
08-02-2023,45.831,45.84,43.387,44.269,530141570
08-03-2023,43.8,45.118,43.8,44.515,325076600
08-04-2023,44.985,45.642,44.393,44.68,362666180
08-07-2023,45.111,45.54,44.56345,45.4165,322153540
08-08-2023,44.853,45.242,44.05601,44.664,353843430
08-09-2023,44.274,44.312,42.134,42.554,586449070
08-10-2023,42.16,43.574,41.835,42.388,492705300
08-11-2023,41.751,42.018,40.639,40.855,533085260
08-14-2023,40.486,43.8,40.311,43.753,690285830
08-15-2023,44.56,45.268,43.71,43.94,676511510
08-16-2023,44.52,44.675,43.406,43.486,527450680
08-17-2023,43.97,44.062,43.001,43.3435,452394820
08-18-2023,42.635,43.57799,41.66,43.299,583767870
08-21-2023,44.494,47.065,44.222,46.967,692573370
08-22-2023,48.135,48.187,45.3331,45.668,757206910
08-23-2023,45.866,47.2,45.208,47.116,779046080
08-24-2023,50.216,50.266,47.159,47.163,1156044090
08-25-2023,47.012,47.805,45.024,46.018,925340520
08-28-2023,46.482,46.98,44.888,46.835,685192230
08-29-2023,46.666,49.081,46.39101,48.784,701396990
08-30-2023,49.044,49.927,48.425,49.264,735205980
08-31-2023,49.38,49.744,48.958,49.355,528569770
09-01-2023,49.762,49.8,48.1416,48.509,463830300
09-05-2023,48.223,48.85081,47.86,48.548,382652580
09-06-2023,48.441,48.549,46.58,47.061,468669570
09-07-2023,45.525,46.344,45.152,46.241,433329890
09-08-2023,45.942,46.606,45.271,45.572,473899940
09-11-2023,46.148,46.163,44.312,45.178,473965550
09-12-2023,44.738,45.673,44.531,44.87,349256340
09-13-2023,44.6,45.93,44.503,45.485,398355350
09-14-2023,45.95,45.98699,45.131,45.581,370097200
09-15-2023,45.341,45.599,43.808,43.9,506830510
09-18-2023,42.748,44.242,42.0,43.966,500270790
09-19-2023,43.833,43.966,43.002,43.52,373064240
09-20-2023,43.6,43.903,42.223,42.239,367107690
09-21-2023,41.583,42.1,40.98,41.017,450735960
09-22-2023,41.572,42.115,41.231,41.61,479236310
09-25-2023,41.591,42.536,41.177,42.222,419090960
09-26-2023,42.001,42.82,41.655,41.911,402282090
09-27-2023,42.33,42.872,41.62901,42.468,444935200
09-28-2023,42.46,43.44631,42.115,43.089,424662790
09-29-2023,43.827,44.144,43.30694,43.499,397829930
10-02-2023,44.03,45.175,43.861,44.782,433298210
10-03-2023,44.808,45.13,43.246,43.517,470849540
10-04-2023,43.742,44.143,43.29201,44.041,361820860
10-05-2023,44.05,44.9,43.888,44.688,393483090
10-06-2023,44.193,45.789,44.026,45.762,434436020
10-09-2023,44.842,45.605,44.368,45.273,409674720
10-10-2023,45.31,46.259,45.088,45.798,368582080
10-11-2023,46.196,46.859,46.05,46.806,378136890
10-12-2023,46.777,47.609,46.33,46.945,481325000
10-13-2023,46.96,47.116,45.28,45.461,475425990
10-16-2023,45.063,46.225,44.912,46.095,375099240
10-17-2023,44.0,44.754,42.48,43.938,812332670
10-18-2023,42.591,43.219,41.825,42.196,627294340
10-19-2023,42.811,43.297,41.882,42.101,501233080
10-20-2023,41.89,42.47,41.078,41.387,477266050
10-23-2023,41.229,43.24799,40.945,42.975,478530490
10-24-2023,43.077,43.697,42.691,43.663,401463370
10-25-2023,43.398,43.65,41.555,41.779,398379220
10-26-2023,41.853,42.25555,39.88019,40.326,541001320
10-27-2023,41.13,41.206,40.015,40.5,416784410
10-30-2023,41.087,41.766,40.481,41.161,388028140
10-31-2023,40.45,40.879,39.23001,40.78,517968700
11-01-2023,40.884,42.381,40.869,42.325,437592900
11-02-2023,43.328,43.884,42.894,43.506,409171870
11-03-2023,44.02,45.30899,43.723,45.005,424609590
11-06-2023,45.2845,45.935,44.899,45.751,400733350
11-07-2023,45.719,46.218,45.1575,45.955,343165470
11-08-2023,46.1,46.867,45.968,46.574,346718940
11-09-2023,47.467,48.23,46.75,46.95,540495970
11-10-2023,47.5,48.472,47.28301,48.335,422441560
11-13-2023,48.32,49.116,48.09901,48.62,384135700
11-14-2023,49.68,49.834,49.04001,49.656,416953870
11-15-2023,49.935,49.96,48.2,48.888,475497350
11-16-2023,48.679,49.52469,48.33,49.48,339756240
11-17-2023,49.524,49.717,49.007,49.298,325896910
11-20-2023,49.312,50.548,49.18101,50.409,416142600
11-21-2023,50.126,50.517,49.222,49.944,565746870
11-22-2023,49.852,50.33494,47.69,48.716,900642330
11-24-2023,48.47001,48.921,47.745,47.776,294644640
11-27-2023,47.8,48.53,47.652,48.242,395661900
11-28-2023,48.236,48.3229,47.473,47.821,401490850
11-29-2023,48.379,48.762,47.86,48.14,382004650
11-30-2023,48.024,48.11,46.422,46.77,526246630
12-01-2023,46.525,47.2,46.187,46.765,369317010
12-04-2023,46.077,46.077,45.01,45.51,437543440
12-05-2023,45.466,46.6,45.271,46.566,371717620
12-06-2023,47.2145,47.387,45.412,45.503,380589550
12-07-2023,45.7,46.629,45.604,46.596,350822550
12-08-2023,46.595,47.74085,46.55,47.506,359223700
12-11-2023,47.491,47.531,45.83,46.627,509728090
12-12-2023,46.046,47.666,46.046,47.657,372386860
12-13-2023,47.629,48.594,47.608,48.088,447791860
12-14-2023,48.39,48.67,47.422,48.35,391231740
12-15-2023,48.194,49.404,48.12,48.89,479947580
12-18-2023,49.4,50.43299,49.15,50.077,412587170
12-19-2023,49.424,49.7,48.895,49.604,464444460
12-20-2023,49.655,49.999,48.098,48.111,397894390
12-21-2023,48.811,49.095,48.419,48.99,300425350
12-22-2023,49.195,49.383,48.467,48.83,252506760
12-26-2023,48.968,49.6,48.96,49.279,244199520
12-27-2023,49.511,49.68,49.085,49.417,233647980
12-28-2023,49.643,49.88399,49.412,49.522,246587480
12-29-2023,49.813,49.997,48.751,49.522,389293300
01-02-2024,49.244,49.295,47.595,48.168,411254220
01-03-2024,47.485,48.1841,47.32,47.569,320896170
01-04-2024,47.767,48.5,47.508,47.998,306534890
01-05-2024,48.462,49.547,48.30601,49.097,415039270
01-08-2024,49.512,52.275,49.479,52.253,642509900
01-09-2024,52.401,54.325,51.69,53.14,773100060
01-10-2024,53.616,54.6,53.489,54.35,533795760
01-11-2024,54.999,55.346,53.56,54.822,596758770
01-12-2024,54.62,54.97,54.33008,54.71,352993600
01-16-2024,55.018,56.83499,54.9,56.382,449579730
01-17-2024,56.347,56.47068,54.74,56.053,474394440
01-18-2024,57.26,57.6,56.107,57.107,491650360
01-19-2024,57.989,59.5,57.225,59.491,543501480
01-22-2024,60.049,60.331,59.07,59.654,452954630
01-23-2024,59.57,59.91,58.585,59.873,294654450
01-24-2024,60.304,62.849,59.938,61.362,560270760
01-25-2024,62.35,62.719,60.85,61.617,482776840
01-26-2024,60.96,61.783,60.573,61.031,390308590
01-29-2024,61.232,62.489,60.907,62.465,348732980
01-30-2024,62.9,63.493,62.26,62.774,410735300
01-31-2024,61.44,62.26902,60.7,61.527,453794870
02-01-2024,62.1,63.191,61.65,63.027,369145790
02-02-2024,63.974,66.6,63.69,66.16,476577650
02-05-2024,68.225,69.497,67.205,69.332,680078010
02-06-2024,69.63,69.75399,66.3,68.223,683111360
02-07-2024,68.319,70.22,67.6,70.099,495574550
02-08-2024,70.074,70.794,69.455,69.641,414422110
02-09-2024,70.533,72.185,70.212,72.133,436636890
02-12-2024,72.6,74.611,71.25,72.248,613710180
02-13-2024,70.4,73.45,69.62,72.128,602580150
02-14-2024,73.202,74.236,71.938,73.9,504917420
02-15-2024,73.869,73.975,72.4,72.658,420121810
02-16-2024,74.1,74.402,72.501,72.613,495326620
02-20-2024,71.947,71.956,67.734,69.452,704833100
02-21-2024,68.006,68.888,66.248,67.472,690298130
02-22-2024,75.025,78.575,74.22,78.538,865099740
02-23-2024,80.79,82.394,77.57,78.817,829388370
02-26-2024,79.7,80.64599,78.505,79.092,503972730
02-27-2024,79.381,79.48,77.162,78.701,391705240
02-28-2024,77.62,78.933,77.125,77.663,393110400
02-29-2024,79.094,79.99,78.35,79.112,507288980
03-01-2024,80.0,82.3,79.43503,82.279,479135100
03-04-2024,84.13,87.695,83.719,85.237,615616450
03-05-2024,85.27,86.097,83.41701,85.964,520639300
03-06-2024,88.022,89.724,87.03001,88.7,582520300
03-07-2024,90.158,92.767,89.60201,92.669,608119160
03-08-2024,95.1379,97.4,86.506,87.528,1142269060
03-11-2024,86.429,88.797,84.166,85.774,678364120
03-12-2024,88.049,91.96,86.1501,91.913,668075150
03-13-2024,91.055,91.504,88.435,90.888,635712890
03-14-2024,89.577,90.646,86.6,87.944,602318160
03-15-2024,86.93,89.546,86.257,87.8365,642086160
03-18-2024,90.388,92.405,87.085,88.455,668975930
03-19-2024,86.7,90.544,85.01,89.398,672171270
03-20-2024,89.797,90.41,88.223,90.372,479062790
03-21-2024,92.3,92.648,90.405,91.435,480372310
03-22-2024,91.141,94.77799,90.83401,94.289,586719360
03-25-2024,93.941,96.76599,93.51,95.002,552136080
03-26-2024,95.851,96.375,92.502,92.561,513647580
03-27-2024,93.112,93.24,89.123,90.25,586067230
03-28-2024,90.0,91.3,89.193,90.356,435212270
04-01-2024,90.299,92.225,89.204,90.363,452441490
04-02-2024,88.448,90.094,87.62,89.452,433063550
04-03-2024,88.484,90.374,88.4,88.964,370066550
04-04-2024,90.406,90.63399,85.88,85.905,434964920
04-05-2024,86.866,88.481,85.926,88.008,399678460
04-08-2024,88.7,88.83,86.732,87.133,283220000
04-09-2024,87.442,87.635,83.022,85.354,503547350
04-10-2024,83.926,87.4,83.709,87.039,431928530
04-11-2024,87.42,90.73899,86.926,90.616,431637270
04-12-2024,89.699,90.17499,87.53,88.186,426804790
04-15-2024,89.098,90.613,85.92901,86.001,443076950
04-16-2024,86.4325,88.118,86.0639,87.415,370453020
04-17-2024,88.34,88.775,83.95,84.035,495399510
04-18-2024,84.97,86.18999,82.402,84.671,447260340
04-19-2024,83.15,84.324,75.606,76.2,875198000
04-22-2024,78.104,80.073,76.4,79.518,596340510
04-23-2024,80.769,82.769,80.264,82.423,438559370
04-24-2024,83.95,84.082,79.183,79.677,512207530
04-25-2024,78.86801,83.32299,78.223,82.632,424640730
04-26-2024,83.818,88.33093,83.387,87.735,551010780
04-29-2024,87.595,87.992,85.266,87.757,388970760
04-30-2024,87.24,88.819,86.3,86.402,363708700
05-01-2024,85.077,86.0,81.25456,83.041,559863170
05-02-2024,84.449,86.237,83.2,85.817,377897540
05-03-2024,87.789,89.281,87.04,88.789,398340720
05-06-2024,89.39,92.22,89.055,92.14,376202550
05-07-2024,91.098,91.78099,89.011,90.554,437341610
05-08-2024,89.4825,91.194,89.42,90.412,325721020
05-09-2024,90.529,91.072,88.231,88.747,378012680
05-10-2024,90.3045,91.401,89.227,89.878,335325410
05-13-2024,90.478,90.998,88.529,90.399,289680170
05-14-2024,89.599,91.651,88.934,91.356,296507080
05-15-2024,92.472,94.862,91.599,94.63,417735450
05-16-2024,94.91,95.81899,94.103,94.359,323951820
05-17-2024,94.369,94.74,91.806,92.479,359691030
05-20-2024,93.75,95.2,93.44,94.78,318764460
05-21-2024,93.599,95.4,93.18,95.386,328946460
05-22-2024,95.459,96.02,93.249,94.95,548647990
05-23-2024,102.028,106.32,101.52,103.799,835065280
05-24-2024,104.449,106.475,103.0,106.469,429493670
05-28-2024,110.244,114.939,109.883,113.901,652727890
05-29-2024,113.05,115.492,110.901,114.825,557441930
05-30-2024,114.65,115.81915,109.663,110.5,487350330
05-31-2024,112.52,112.717,106.94,109.633,613262500
06-03-2024,113.621,115.0,112.003,115.0,438391760
06-04-2024,115.716,116.6,114.045,116.437,403324010
06-05-2024,118.371,122.4495,117.468,122.44,528401780
06-06-2024,124.048,125.587,118.32,120.998,664696190
06-07-2024,119.77,121.69171,118.022,120.888,412385800
06-10-2024,120.37,123.1,117.01,121.79,314162650
06-11-2024,121.77,122.87,118.74,120.91,222551158
06-12-2024,123.06,126.88,122.57,125.2,299595001
06-13-2024,129.39,129.8,127.16,129.61,260704537
06-14-2024,129.96,132.84,128.32,131.88,309320376
06-17-2024,132.99,133.73,129.58,130.98,288504444
06-18-2024,131.14,136.33,130.69,135.58,294335054
06-20-2024,139.8,140.76,129.52,130.78,517768425
06-21-2024,127.12,130.63,124.3,126.57,655484664
06-24-2024,123.24,124.46,118.04,118.11,476060866
06-25-2024,121.2,126.5,119.32,126.09,425787456
06-26-2024,126.13,128.12,122.6,126.4,362975918
06-27-2024,124.1,126.41,122.92,123.99,252571693
06-28-2024,124.58,127.71,122.75,123.54,315516740
07-01-2024,123.47,124.84,118.83,124.3,284885534
07-02-2024,121.13,123.41,121.03,122.67,218373969
07-03-2024,121.66,128.28,121.36,128.28,215748955
07-05-2024,127.38,128.85,125.68,125.83,214176689
07-08-2024,127.49,130.77,127.04,128.2,237677322
07-09-2024,130.35,133.82,128.65,131.38,287020820
07-10-2024,134.03,135.1,132.42,134.91,248978569
07-11-2024,135.75,136.15,127.05,127.4,374782738
07-12-2024,128.26,131.92,127.22,129.24,252680535
07-15-2024,130.56,131.39,127.18,128.44,208326164
07-16-2024,128.44,129.04,124.58,126.36,214769515
07-17-2024,121.35,121.85,116.72,117.99,390086189
07-18-2024,121.85,122.4,116.56,121.09,320979530
07-19-2024,120.35,121.6,117.37,117.93,217223800
07-22-2024,120.35,124.07,119.86,123.54,258068943
07-23-2024,122.78,124.69,122.1,122.59,173910983
07-24-2024,119.17,119.95,113.44,114.25,327776884
07-25-2024,113.04,116.63,106.3,112.28,460067019
07-26-2024,116.19,116.2,111.58,113.06,293399073
07-29-2024,113.69,116.28,111.3,111.59,248152068
07-30-2024,111.52,111.99,102.54,103.73,486833274
07-31-2024,112.9,118.34,110.88,117.02,473174182
08-01-2024,117.53,120.16,106.8104,109.21,523462326
08-02-2024,103.76,108.72,101.37,107.27,482027464
08-05-2024,92.06,103.41,90.69,100.45,552842375
08-06-2024,103.84,107.71,100.55,104.25,409012089
08-07-2024,107.81,108.8,98.69,98.91,411440423
08-08-2024,102.0,105.5,97.52,104.97,391910023
08-09-2024,105.64,106.6,103.43,104.75,290844157
08-12-2024,106.32,111.07,106.26,109.02,325559870
08-13-2024,112.44,116.23,111.58,116.14,312646660
08-14-2024,118.53,118.6,114.07,118.08,339246407
08-15-2024,118.76,123.24,117.47,122.86,318086673
08-16-2024,121.94,125.0,121.18,124.58,302589872
08-19-2024,124.28,130.0,123.42,130.0,318333577
08-20-2024,128.4,129.88,125.89,127.25,300087415
08-21-2024,127.315,129.35,126.66,128.5,257883572
08-22-2024,130.02,130.75,123.1,123.74,376189076
08-23-2024,125.86,129.6,125.22,129.37,323230332
08-26-2024,129.57,131.26,124.37,126.46,331964672
08-27-2024,125.05,129.2,123.88,128.3,303134573
08-28-2024,128.12,128.33,122.64,125.61,448101115
08-29-2024,121.355,124.43,116.71,117.59,453023305
08-30-2024,119.53,121.75,117.22,119.37,333751583
09-03-2024,116.01,116.21,107.29,108.0,477155100
09-04-2024,105.41,113.27,104.12,106.21,372470291
09-05-2024,104.985,109.65,104.76,107.21,306850696
09-06-2024,108.04,108.15,100.95,102.83,413638098
09-09-2024,104.88,106.55,103.69,106.47,273912015
09-10-2024,107.81,109.4,104.95,108.1,268283736
09-11-2024,109.39,117.19,107.42,116.91,441422370
09-12-2024,116.84,120.79,115.38,119.14,367100496
09-13-2024,119.08,119.955,117.6,119.1,238358328
09-16-2024,116.79,118.18,114.36,116.78,248772308
09-17-2024,118.17,118.8,114.83,115.59,231925876
09-18-2024,115.89,117.7,113.22,113.37,310318937
09-19-2024,117.35,119.66,117.25,117.87,293506438
09-20-2024,117.06,118.6181,115.3901,116.0,382462428
09-23-2024,116.55,116.99,114.86,116.26,206228490
09-24-2024,116.515,121.8,115.38,120.87,354966772
09-25-2024,122.02,124.94,121.61,123.51,284692948
09-26-2024,126.8,127.665,121.8,124.04,302582868
09-27-2024,123.97,124.03,119.26,121.4,271009175
09-30-2024,118.31,121.5,118.15,121.44,227053651
10-01-2024,121.765,122.4351,115.79,117.0,302094485
10-02-2024,116.44,119.38,115.14,118.85,221845887
10-03-2024,120.92,124.36,120.3401,122.85,277117973
10-04-2024,124.94,125.04,121.83,124.92,244465552
10-07-2024,124.99,130.64,124.95,127.72,346250233
10-08-2024,130.26,133.48,129.42,132.89,285722485
10-09-2024,134.11,134.52,131.38,132.65,246191612
10-10-2024,131.91,135.0,131.0,134.81,242311337
10-11-2024,134.01,135.78,133.66,134.8,170209474
10-14-2024,136.47,139.6,136.3,138.07,232347668
10-15-2024,137.87,138.57,128.74,131.6,377831021
10-16-2024,133.98,136.62,131.58,135.72,264879720
10-17-2024,139.34,140.89,136.87,136.93,306435921
10-18-2024,138.665,138.9,137.28,138.0,176090184
10-21-2024,138.13,143.71,138.0,143.71,264554514
10-22-2024,142.91,144.42,141.78,143.59,226311589
10-23-2024,142.03,142.43,137.46,139.56,285930038
10-24-2024,140.82,141.35,138.46,140.41,172354888
10-25-2024,140.93,144.13,140.8,141.54,205122109
10-28-2024,143.0,143.14,140.05,140.52,173586745
10-29-2024,140.285,142.2598,138.9,141.25,157593634
10-30-2024,139.54,140.33,136.81,139.335,179418082
10-31-2024,137.6,137.61,132.1106,132.76,270039641
11-01-2024,134.7,137.31,134.57,135.4,207127838
11-04-2024,137.21,138.96,135.57,136.05,187528173
11-05-2024,137.45,140.3701,137.33,139.91,160537373
11-06-2024,142.96,146.49,141.96,145.61,242043945
11-07-2024,146.39,148.93,146.17,148.88,207323303
11-08-2024,148.77,149.77,146.26,147.63,175665830
11-11-2024,148.68,148.85,143.57,145.26,182325620
11-12-2024,146.78,149.65,146.01,148.29,198634738
11-13-2024,149.07,149.33,145.9,146.27,191903267
11-14-2024,147.64,149.0,145.55,146.76,194463301
11-15-2024,144.87,145.24,140.08,141.98,250132869
11-18-2024,139.5,141.55,137.15,140.15,221865993
11-19-2024,141.32,147.13,140.99,147.01,227834912
11-20-2024,147.41,147.56,142.73,145.89,309871654
11-21-2024,149.35,152.89,140.7,146.67,400946570
11-22-2024,145.93,147.16,141.1,141.95,236406154
11-25-2024,141.99,142.05,135.82,136.02,344941875
11-26-2024,137.7,139.3,135.67,136.92,190287654
11-27-2024,135.01,137.22,131.8,135.34,226370912
11-29-2024,136.78,139.35,136.05,138.25,141863156
12-02-2024,138.83,140.45,137.825,138.63,171682777
12-03-2024,138.26,140.54,137.95,140.26,164413965
12-04-2024,141.995,145.79,140.29,145.14,231224295
12-05-2024,145.11,146.54,143.95,145.06,172621180
12-06-2024,144.6,145.7,141.31,142.44,188505573
12-09-2024,138.97,139.95,137.13,138.81,189308625
12-10-2024,139.01,141.82,133.79,135.07,210020888
12-11-2024,137.36,140.17,135.21,139.31,184905192
12-12-2024,137.08,138.44,135.8,137.34,159211393
12-13-2024,138.94,139.6,132.54,134.25,231514881
12-16-2024,134.18,134.4,130.42,132.0,237951130
12-17-2024,129.09,131.59,126.86,130.39,259410263
12-18-2024,133.86,136.7,128.28,128.91,277444533
12-19-2024,131.76,134.03,129.55,130.68,209719210
12-20-2024,129.81,135.28,128.22,134.7,306528553
12-23-2024,136.28,139.79,135.1201,139.67,176053506
12-24-2024,140.0,141.9,138.65,140.22,105156989
12-26-2024,139.7,140.85,137.73,139.93,116519090
12-27-2024,138.55,139.02,134.71,137.01,170582603
12-30-2024,134.83,140.27,134.02,137.49,167734700
12-31-2024,138.03,138.07,133.83,134.29,155659211
01-02-2025,136.0,138.88,134.63,138.31,198247166
01-03-2025,140.01,144.9,139.73,144.47,229322478
01-06-2025,148.59,152.156,147.8201,149.43,265377359
01-07-2025,153.03,153.13,140.01,140.14,351782174
01-08-2025,142.58,143.95,137.56,140.11,227349948
01-10-2025,137.45,139.92,134.22,135.91,207602514
01-13-2025,129.99,133.49,129.51,133.23,204808914
01-14-2025,136.05,136.38,130.05,131.76,195590485
01-15-2025,133.65,136.45,131.29,136.24,185217338
01-16-2025,138.64,138.75,133.49,133.57,209235583
01-17-2025,136.69,138.5,135.4649,137.71,201188760
01-21-2025,139.16,141.83,137.09,140.83,197748985
01-22-2025,144.66,147.79,143.67,147.07,237651395
01-23-2025,145.05,147.23,143.72,147.22,155915549
01-24-2025,148.37,148.97,141.88,142.62,234657635
01-27-2025,124.8,128.4,116.7,118.42,818830895
01-28-2025,121.81,129.0,116.25,128.99,579666350
01-29-2025,126.5,126.89,120.05,123.7,467120640
01-30-2025,123.1,125.0,118.1,124.65,392925469
01-31-2025,123.78,127.85,119.19,120.07,390372899
02-03-2025,114.75,118.57,113.01,116.66,371235677
02-04-2025,116.96,121.2,116.7,118.65,256550040
02-05-2025,121.76,125.0,120.76,124.83,263110629
02-06-2025,127.42,128.77,125.21,128.68,251483574
02-07-2025,129.22,130.37,125.0,129.84,228186298
02-10-2025,130.09,135.0,129.96,133.57,216989086
02-11-2025,132.58,134.48,131.02,132.8,178902379
02-12-2025,130.02,132.24,129.08,131.14,160278552
02-13-2025,131.555,136.5,131.17,135.29,197429975
02-14-2025,136.48,139.25,135.5,138.85,195479557
02-18-2025,141.27,143.44,137.925,139.4,219176627
02-19-2025,139.51,141.36,137.22,139.23,167536006
02-20-2025,140.03,140.66,136.7901,140.11,143903583
02-21-2025,140.04,141.46,134.03,134.43,228217585
02-24-2025,136.56,138.59,130.08,130.28,251381137
02-25-2025,129.98,130.2,124.44,126.63,271428711
02-26-2025,129.985,133.73,128.49,131.28,322553814
02-27-2025,135.0,135.01,120.01,120.15,443175846
02-28-2025,118.02,125.09,116.4,124.92,389091145
03-03-2025,123.51,123.7,112.28,114.06,411381373
03-04-2025,110.645,119.31,110.11,115.99,398163305
03-05-2025,117.58,118.2781,114.51,117.3,284337886
03-06-2025,113.53,115.35,110.22,110.57,321181861
03-07-2025,111.25,113.48,107.56,112.69,341755468
03-10-2025,109.9,111.85,105.46,106.98,366487363
03-11-2025,106.99,112.236,104.77,108.76,354865692
03-12-2025,114.12,116.76,112.88,115.74,323857454
03-13-2025,117.03,117.76,113.79,115.58,299033131
03-14-2025,118.61,121.88,118.15,121.67,277593455
03-17-2025,122.74,122.89,118.03,119.53,255501481
03-18-2025,118.0,119.02,114.54,115.43,299686944
03-19-2025,117.27,120.445,115.68,117.52,273426225
03-20-2025,116.55,120.2,116.47,118.53,248829749
03-21-2025,116.94,117.99,115.42,117.7,266498528
03-24-2025,119.88,122.22,119.34,121.41,228452534
03-25-2025,120.545,121.29,118.92,120.69,167447198
03-26-2025,118.73,118.84,112.71,113.76,296431667
03-27-2025,111.35,114.45,110.66,111.43,236902055
03-28-2025,111.485,112.87,109.0701,109.67,229872549
03-31-2025,105.13,110.955,103.65,108.38,299212653
04-01-2025,108.515,110.2,106.47,110.15,222614034
04-02-2025,107.29,111.98,106.79,110.42,220601243
04-03-2025,103.51,105.63,101.6,101.8,338769412
04-04-2025,98.91,100.13,92.11,94.31,532273810
04-07-2025,87.46,101.75,86.62,97.64,611041347
04-08-2025,103.805,105.85,94.46,96.3,476243392
04-09-2025,98.89,115.1,97.5301,114.33,612918336
04-10-2025,109.37,110.86,99.15,107.57,437812353
04-11-2025,108.5,111.5499,107.48,110.93,313417265
04-14-2025,114.11,114.29,109.07,110.71,264705049
04-15-2025,110.97,113.615,110.5,112.2,228966900
04-16-2025,104.55,106.79,100.45,104.49,397016870
04-17-2025,104.45,104.47,100.05,101.49,292517465
04-21-2025,98.77,99.44,95.04,96.91,288501136
04-22-2025,98.78,99.811,97.28,98.89,241004784
04-23-2025,104.52,104.8,102.02,102.71,247525971
04-24-2025,103.475,106.54,103.11,106.43,220815041
04-25-2025,106.85,111.92,105.73,111.01,251064672
04-28-2025,109.69,110.3699,106.02,108.73,207708479
04-29-2025,107.67,110.1999,107.44,109.02,170444263
04-30-2025,104.47,108.92,104.08,108.92,235044611
05-01-2025,113.08,114.94,111.3,111.61,236121507
05-02-2025,114.18,115.4,113.37,114.5,190194778
05-05-2025,112.905,114.665,112.66,113.82,133163241
05-06-2025,111.48,114.74,110.822,113.54,158525621
05-07-2025,113.045,117.68,112.2818,117.06,207827821
05-08-2025,118.25,118.68,115.85,117.37,198428122
05-09-2025,117.35,118.23,115.21,116.65,132972189
05-12-2025,121.97,123.0,120.28,123.0,225023345
05-13-2025,124.98,131.2189,124.47,129.93,330430105
05-14-2025,133.195,135.435,131.68,135.34,281180830
05-15-2025,134.295,136.3,132.66,134.83,226632563
05-16-2025,136.22,136.35,133.46,135.4,226542451
05-19-2025,132.39,135.87,132.39,135.57,193154571
05-20-2025,134.29,134.58,132.62,134.38,161514247
05-21-2025,133.06,137.4,130.59,131.8,270608738
05-22-2025,132.23,134.25,131.55,132.83,187343954
05-23-2025,130.0,132.68,129.16,131.29,198821324
05-27-2025,134.15,135.66,133.31,135.5,192953613
05-28-2025,136.025,137.25,134.79,134.81,304021146
05-29-2025,142.245,143.49,137.91,139.19,370615167
05-30-2025,138.715,139.62,132.92,135.13,333170851
06-02-2025,135.49,138.12,135.4,137.38,197663116
06-03-2025,138.78,142.0,137.95,141.22,225578783
06-04-2025,142.19,142.39,139.545,141.92,167120819
06-05-2025,142.17,144.0,138.83,139.99,232410759
06-06-2025,142.51,143.27,141.51,141.72,153986153
06-09-2025,143.19,145.0,141.94,142.63,185114494
06-10-2025,142.69,144.29,141.525,143.96,155881897
06-11-2025,144.61,144.99,141.87,142.83,167694044
06-12-2025,141.97,145.0,141.85,145.0,162364991
06-13-2025,142.48,143.58,140.855,141.97,180820565
06-16-2025,143.345,146.175,143.2001,144.69,183133666
06-17-2025,144.49,145.22,143.78,144.12,139108000
06-18-2025,144.005,145.65,143.12,145.48,161494121
06-20-2025,145.45,146.2,142.65,143.85,242956157
06-23-2025,142.5,144.78,142.03,144.17,154308941
06-24-2025,145.56,147.96,145.5,147.9,187566121
06-25-2025,149.27,154.45,149.26,154.31,269146471
06-26-2025,155.975,156.715,154.0,155.02,198145746
06-27-2025,156.04,158.71,155.255,157.75,263234539
06-30-2025,158.4,158.66,155.96,157.99,194580316
07-01-2025,156.29,157.2,151.49,153.3,213143621
07-02-2025,152.98,157.6,152.97,157.25,171224111
07-03-2025,158.37,160.98,157.77,159.34,143716055
07-07-2025,158.2,159.31,157.342,158.24,140138975
07-08-2025,159.33,160.22,158.39,160.0,138133025
07-09-2025,161.22,164.42,161.16,162.88,183656443
07-10-2025,164.32,164.5,161.61,164.1,167704075
07-11-2025,163.715,167.89,163.47,164.92,193633263
07-14-2025,165.37,165.49,162.02,164.07,136975754
07-15-2025,171.19,172.4,169.195,170.7,230627350
07-16-2025,171.06,171.75,168.9,171.37,158831509
07-17-2025,172.02,174.16,170.83,173.0,160841119
07-18-2025,173.64,174.25,171.26,172.41,146456416
07-21-2025,172.75,173.38,171.0,171.38,123126136
07-22-2025,171.34,171.39,164.58,167.03,193114327
07-23-2025,169.53,171.26,167.97,170.78,154082197
07-24-2025,172.44,173.83,171.3,173.74,128984628
07-25-2025,173.61,174.72,172.96,173.5,122316792
07-28-2025,174.02,177.0,173.97,176.75,140023521
07-29-2025,177.96,179.38,175.02,175.51,154077512
07-30-2025,176.51,179.89,176.04,179.27,174312208
07-31-2025,182.9,183.3,175.93,177.87,221685446
08-01-2025,174.09,176.54,170.89,173.72,204528985
08-04-2025,175.16,180.2,174.52,180.0,148174609
08-05-2025,179.62,180.26,175.9,178.26,156407621
08-06-2025,176.325,179.9,176.25,179.42,137192265
08-07-2025,181.57,183.88,178.795,180.77,151878365
08-08-2025,181.55,183.3,180.4,182.7,123396679
08-11-2025,182.05,183.84,180.25,182.06,138323191
08-12-2025,182.96,184.48,179.46,183.16,145729202
08-13-2025,182.615,183.97,179.35,181.59,179871724
08-14-2025,179.75,183.02,179.46,182.02,129553959
08-15-2025,181.88,181.9,178.0417,180.45,156602161
08-18-2025,180.6,182.9375,180.59,182.01,132007959
08-19-2025,182.43,182.5,175.49,175.64,185229219
08-20-2025,175.165,176.0,168.801,175.4,215142725
08-21-2025,174.85,176.9,173.81,174.98,140040850
08-22-2025,172.61,178.59,171.2,177.99,172789427
08-25-2025,178.35,181.91,176.57,179.81,163012789
08-26-2025,180.055,182.39,178.81,181.77,168688186
08-27-2025,181.98,182.49,179.1,181.6,235518949
08-28-2025,180.82,184.47,176.41,180.17,281787824
08-29-2025,178.11,178.15,173.145,174.18,243257873
09-02-2025,170.0,172.379,167.22,170.78,231164853
09-03-2025,171.06,172.41,168.875,170.62,164424873
09-04-2025,170.57,171.86,169.41,171.66,141670144
09-05-2025,168.03,169.03,164.07,167.02,224441435
09-08-2025,167.55,170.96,167.35,168.33,164529668
09-09-2025,169.09,170.98,166.7401,170.76,157548392
09-10-2025,176.64,179.29,175.47,177.33,226852020
09-11-2025,179.68,180.28,176.48,177.17,151159274
09-12-2025,177.77,178.595,176.45,177.82,124911026
09-15-2025,175.67,178.85,174.51,177.75,147061559
09-16-2025,177.0,177.5,174.38,174.88,140737775
09-17-2025,172.64,173.2,168.41,170.29,211843817
09-18-2025,173.98,177.1,172.96,176.24,191763313
09-19-2025,175.77,178.08,175.18,176.67,237182143
09-22-2025,175.3,184.55,174.7053,183.61,269637001
09-23-2025,181.97,182.42,176.21,178.43,192559552
09-24-2025,179.77,179.78,175.4,176.97,143564116
09-25-2025,174.48,180.26,173.125,177.69,191586733
09-26-2025,178.17,179.77,174.93,178.19,148573732
09-29-2025,180.425,184.0,180.32,181.85,193063455
09-30-2025,182.08,187.35,181.48,186.58,236981032
10-01-2025,185.24,188.14,183.9,187.24,173844901
10-02-2025,189.6,191.05,188.06,188.89,136805821
10-03-2025,189.19,190.36,185.38,187.62,137596896
10-06-2025,185.5,187.23,183.33,185.54,157678104
10-07-2025,186.23,189.06,184.0,185.04,140088008
10-08-2025,186.57,189.6,186.54,189.11,130168861
10-09-2025,192.225,195.3,191.06,192.57,182997234
10-10-2025,193.505,195.62,182.05,183.16,268774359
10-13-2025,187.965,190.1099,185.96,188.32,153482755
10-14-2025,184.77,184.8,179.7,180.03,205641380
10-15-2025,184.8,184.87,177.29,179.83,214450482
10-16-2025,182.23,183.28,179.77,181.81,179723309
10-17-2025,180.18,184.1,179.75,183.22,173135217
10-20-2025,183.13,185.2,181.73,182.64,128544711
10-21-2025,182.785,182.785,179.8,181.16,124240168
10-22-2025,181.14,183.44,176.76,180.28,162249552
10-23-2025,180.42,183.03,179.7901,182.16,111363718
10-24-2025,183.835,187.47,183.5,186.26,131296677
10-27-2025,189.99,192.0,188.4318,191.49,153452704
10-28-2025,193.05,203.15,191.91,201.03,297986180
10-29-2025,207.98,212.1899,204.775,207.04,308829564
10-30-2025,205.15,206.16,201.41,202.89,178864443
10-31-2025,206.45,207.97,202.07,202.49,179802178
11-03-2025,208.08,211.335,205.56,206.88,180267285
11-04-2025,203.0,203.9699,197.93,198.69,188919320
11-05-2025,198.77,202.92,194.65,195.21,171350332
11-06-2025,196.42,197.62,186.38,188.08,223029778
11-07-2025,184.9,188.32,178.91,188.15,264942255
11-10-2025,195.11,199.94,193.79,199.05,198897134
11-11-2025,195.155,195.42,191.3,193.16,176483327
11-12-2025,195.72,195.89,191.13,193.8,154935263
11-13-2025,191.05,191.44,183.85,186.86,207423074
11-14-2025,182.86,191.01,180.58,190.17,186591856
11-17-2025,185.965,189.0,184.32,186.6,173628858
11-18-2025,183.375,184.8,179.65,181.36,213598877
11-19-2025,184.79,187.855,182.8301,186.52,247246436
11-20-2025,195.95,196.0,179.85,180.64,343504849
11-21-2025,181.235,184.56,172.93,178.88,346926153
11-24-2025,179.49,183.5,176.48,182.55,256618335
11-25-2025,174.91,178.16,169.55,177.82,320600271
11-26-2025,181.63,182.91,178.24,180.26,183852010
11-28-2025,179.01,179.29,176.5,177.0,121332776
12-01-2025,174.76,180.3,173.68,179.92,188130955
12-02-2025,181.76,185.66,180.0,181.46,182632230
12-03-2025,181.08,182.45,179.1101,179.59,165138023
12-04-2025,181.62,184.515,179.96,183.38,167364857
12-05-2025,183.89,184.66,180.91,182.41,143971098
12-08-2025,182.64,188.0,182.4,185.55,204378106
12-09-2025,185.56,185.7167,183.32,184.97,144719705
12-10-2025,184.965,185.48,182.035,183.78,162785370
12-11-2025,180.275,181.32,176.62,180.93,182136641
12-12-2025,181.11,182.82,174.62,175.02,204274918
12-15-2025,177.936,178.415,175.03,176.29,164775636
12-16-2025,176.26,178.49,174.9,177.72,148588098
12-17-2025,176.1,176.13,170.31,170.94,222775464
12-18-2025,174.53,176.15,171.82,174.14,176096001
12-19-2025,176.665,181.45,176.34,180.99,324925927
12-22-2025,183.92,184.16,182.35,183.69,129064369
12-23-2025,182.97,189.33,182.9,189.21,174873621
12-24-2025,187.94,188.91,186.59,188.61,65528545
12-26-2025,189.92,192.69,188.0,190.53,139740292
12-29-2025,187.71,188.755,185.91,188.22,120006103
12-30-2025,188.24,188.99,186.93,187.54,97687274
12-31-2025,189.57,190.56,186.49,186.5,120100484
01-02-2026,189.835,192.9299,188.26,188.85,148240462
01-05-2026,191.76,193.63,186.15,188.12,183529733
01-06-2026,190.52,192.174,186.82,187.24,176862604
01-07-2026,188.57,191.37,186.56,189.11,153543174
01-08-2026,189.11,189.55,183.71,185.04,172457048
01-09-2026,185.08,186.34,183.6701,184.86,131327534
01-12-2026,183.22,187.12,183.02,184.94,137968453
01-13-2026,184.95,188.1099,183.4,185.81,160128939
01-14-2026,184.32,184.46,180.8,183.14,159586135
01-15-2026,186.5,189.7,186.33,187.05,206188642
01-16-2026,189.075,190.44,186.08,186.23,187967169
01-20-2026,181.9,182.3786,177.61,178.07,223345257
01-21-2026,179.05,185.379,178.4,183.32,200380959
01-22-2026,184.75,186.17,183.93,184.84,139636626
01-23-2026,187.5,189.6,186.8233,187.67,142748076
01-26-2026,187.16,189.12,185.99,186.47,124799649
01-27-2026,187.24,190.0,185.7,188.52,143711557
01-28-2026,191.27,192.35,189.84,191.52,148552677
01-29-2026,191.34,193.48,186.06,192.51,171764375
01-30-2026,191.21,194.49,189.47,191.13,179489463
02-02-2026,187.2,190.3,184.88,185.61,165794054
02-03-2026,186.24,186.27,176.23,180.34,204019589
02-04-2026,179.46,179.58,171.91,174.19,207014116
02-05-2026,174.925,176.815,171.03,171.88,206312890
02-06-2026,176.69,187.0,174.6,185.41,231346241
02-09-2026,184.26,193.66,183.95,190.04,196387351
02-10-2026,191.38,192.48,188.12,188.54,136764825
02-11-2026,192.45,193.26,188.77,190.05,144192685
02-12-2026,193.03,193.61,186.51,186.94,189932491
02-13-2026,187.475,187.5,181.59,182.81,161888021
02-17-2026,181.75,187.15,179.18,184.97,162276860
02-18-2026,188.75,190.37,186.76,187.98,164749125
02-19-2026,187.055,188.43,185.66,187.9,126554526
